Identificador da transação;Bandeira do Cartão;Distância de Casa;Distância da Última Transação;Razão entre o valor da compra e o valor médio;Local Repetido;Usou Chip;Usou Senha;Online;Fraude
18A79;AMEX;157,7249053;6,782006923;0,215050293;1;0;0;1;?
18C82;AMEX;18,05086098;4,319051377;0,453059243;1;0;0;1;?
18FCA;ELO;328,0356118;1,163802549;3,339325714;1;0;0;1;?
19717;MASTER;15,68449535;0,044943267;1,400933123;1;0;0;1;?
19972;VISA;1,665179314;2,097129573;5,200222538;0;1;0;1;?
19E45;MASTER;17,14443524;0,221329646;5,063427864;1;0;0;1;?
1A173;DINNERS;7,38390574;0,224351714;2,280146884;1;0;0;1;?
1A1DC;AMEX;13,49194012;24,82472884;10,19435884;1;0;0;0;?
1A7F4;ELO;1,358794849;1,071240874;8,565492211;0;1;0;1;?
1AE56;ELO;2,690045969;2,902193365;0,401838122;1;0;0;1;?
1AF6F;DINNERS;8,319802056;2,946593701;0,069985115;1;1;0;1;?
1AFCC;MASTER;132,1193402;1,734558255;0,507687697;1;0;0;1;?
1B403;VISA;22,85493929;0,065104802;4,609457564;1;1;0;1;?
1B5AC;DINNERS;3,246637106;0,100644305;0,764646055;1;0;1;1;?
1BA52;AMEX;17,92387968;0,461617856;0,200492719;1;1;0;1;?
1BB45;VISA;1,006027006;0,074332635;14,50168757;0;0;0;1;?
1BCFE;MASTER;30,54817932;1,362458796;5,674145913;1;0;1;1;?
1BEE9;ELO;15,34237;0,617280499;15,61486841;1;1;0;1;?
1BFD9;DINNERS;3,15793856;1,518898874;10,37461359;1;0;0;1;?
1C1A9;DINNERS;6,723445292;4,018906101;0,82020881;1;1;0;1;?
1C6C3;AMEX;3,657784024;0,086008937;0,565987665;1;0;0;0;?
1CF1E;ELO;47,41568031;8,21839401;0,72109791;1;0;0;1;?
1D162;MASTER;3,252473731;2,164226739;0,457781061;1;1;0;1;?
1D425;VISA;164,1029649;0,205730269;15,97030197;1;1;0;0;?
1D7E4;MASTER;12,71240607;0,523581764;0,653477852;1;1;0;1;?
1D9F5;MASTER;181,8786677;4,221286879;1,156859995;1;0;0;1;?
1DB90;MASTER;11,08079402;0,245596563;1,273299618;1;0;0;1;?
1DE2B;ELO;199,0379021;5,926014877;0,116490862;1;0;0;1;?
1DFAB;ELO;4,783225966;0,166064436;15,27612206;1;0;0;1;?
1E220;MASTER;9,046018239;1,342226406;0,188888423;1;1;0;1;?
1EEDB;DINNERS;15,93183513;9,863388091;4,543568799;1;0;0;1;?
1F4DC;MASTER;1,457156212;16,59700304;1,424996629;0;0;1;1;?
1F4FE;DINNERS;4,304047581;0,632199407;0,735380684;1;0;0;0;?
1F7F2;ELO;100,5805056;0,533912549;0,077538961;1;0;0;1;?
1FAA2;MASTER;19,17621979;0,258395325;0,325243332;1;0;1;1;?
1FB92;DINNERS;58,35660286;0,552202077;4,014634847;1;1;0;1;?
1FED5;ELO;10,55857087;0,557413945;5,3100445;1;0;0;1;?
2063F;VISA;2,162843279;2,1313973;0,492718594;1;0;0;1;?
20A76;DINNERS;9,229713305;3,502674778;0,101511753;1;0;0;1;?
20DF2;AMEX;49,06417154;0,379009046;1,384642724;1;0;0;0;?
211D6;MASTER;1,38736278;0,177995045;4,038132146;0;0;0;1;?
21411;MASTER;161,0800201;1,865340707;0,541660146;1;0;0;1;?
21650;MASTER;14,89077513;50,24296821;1,400670737;1;0;0;1;?
21B6D;AMEX;6,29065252;0,107680329;6,353257691;1;0;0;1;?
21C2E;AMEX;2,455098752;0,458850569;4,167853287;1;1;0;1;?
21D61;AMEX;23,25929679;0,145760559;0,78569804;1;1;0;1;?
21EF0;ELO;5,734250177;5,882852275;0,508797983;1;1;1;1;?
2229C;DINNERS;17,80998768;3,732033948;1,96787853;1;0;1;0;?
22382;DINNERS;55,82857911;4,068853073;4,569191567;1;1;0;1;?
22393;AMEX;41,29937629;11,72619329;5,604891921;1;1;0;1;?
223E6;DINNERS;17,06208527;87,50310131;3,888480928;1;0;0;1;?
226B7;ELO;41,77467247;0,318197929;3,012476946;1;1;0;1;?
22ADF;AMEX;6,191613079;1,681059691;0,848440599;1;0;0;1;?
239B9;VISA;3,233421886;0,282175153;1,796648252;1;0;0;1;?
23F3E;VISA;2,585015227;0,264618933;0,446976587;1;0;0;1;?
24220;VISA;6,495981847;1,467965156;5,206697517;1;0;0;1;?
2433F;ELO;50,62877341;19,42710037;3,009400601;1;0;0;1;?
243D0;DINNERS;10,68631774;0,109335442;4,510825219;1;1;0;1;?
24B6E;ELO;258,9726011;3,041525256;1,375568692;1;0;0;1;?
24CB9;MASTER;39,0212293;2,62135849;1,199161581;1;1;0;1;?
253E8;VISA;16,6455784;1,22895604;19,66687294;1;0;0;1;?
259F5;ELO;7,387695846;1,59882689;0,847218144;1;0;0;1;?
261C3;AMEX;9,748942017;152,023145;1,063725326;1;0;0;1;?
26DF1;ELO;9,256743662;6,36783648;0,108691865;1;1;0;1;?
272E3;ELO;193,0322434;0,240997482;3,908193164;1;0;0;1;?
274C4;VISA;130,999918;1,541309604;1,354338542;1;0;0;1;?
2752C;DINNERS;129,2907317;0,503567167;1,399314201;1;0;0;1;?
2786D;DINNERS;28,18100742;0,188856422;0,781027197;1;1;0;1;?
27CD3;DINNERS;0,279239001;0,533745006;1,515041095;0;0;0;1;?
27E2E;AMEX;0,475604027;0,208201648;1,809656362;0;0;1;1;?
28015;VISA;6,73600462;0,024405413;8,504951613;1;0;0;1;?
28248;ELO;12,94663746;0,072736135;4,616383825;1;0;0;1;?
284F9;DINNERS;2,596145155;89,92923255;0,948118698;1;0;0;1;?
2878E;AMEX;22,86666517;0,564382794;3,760495719;1;0;0;1;?
28ADC;DINNERS;1,399560422;2,570970143;3,393786067;0;0;0;0;?
28AEC;MASTER;1,284612941;0,289141449;7,626158272;0;1;0;1;?
28CFB;DINNERS;9,843054819;11,72343439;1,948777069;1;0;0;1;?
28E79;DINNERS;11,69665499;0,074943725;12,24163705;1;0;0;1;?
29230;ELO;9,374968565;7,13419244;5,742453989;1;1;0;1;?
29274;MASTER;21,07248078;0,56966188;0,195985173;1;1;0;0;?
29902;AMEX;36,25933326;0,033923109;0,743043444;1;0;0;1;?
299B6;MASTER;17,69476948;0,236127338;8,97810545;1;0;0;1;?
2A105;DINNERS;10,8299427;0,175591502;1,294218811;1;0;0;0;?
2B4F0;VISA;48,75503625;0,179615874;0,128024439;1;1;0;1;?
2B6C5;ELO;11,41176284;2,233248098;1,761724847;1;1;0;1;?
2C6EA;AMEX;372,6422991;0,035625879;2,229731987;1;0;0;1;?
2C71E;ELO;226,3897766;0,185901035;0,248019071;1;0;0;1;?
2C895;ELO;44,78111864;0,005958035;4,426064327;1;0;0;1;?
2CD98;AMEX;7,288792826;0,006608092;3,061352607;1;0;0;0;?
2CF39;DINNERS;83,74418978;0,2515411;1,93317773;1;0;0;1;?
2D08F;MASTER;29,16190011;1,752120803;0,687967369;1;0;0;1;?
2D1BA;ELO;10,7938467;0,306373403;1,91738704;1;0;0;0;?
2D432;AMEX;4,689136698;9,007469779;5,098678638;1;1;0;1;?
2D4BE;VISA;24,50395821;51,69425622;4,518254104;1;0;0;1;?
2D7A5;DINNERS;8,617861783;0,885889003;6,997456607;1;0;0;1;?
2D892;VISA;11,92402578;0,489777043;1,530553201;1;0;0;1;?
2DAB3;AMEX;20,01333326;0,942196049;1,923442898;1;1;0;0;?
2DC16;ELO;2,987853654;9,315192457;1,921045575;1;0;0;1;?
2DC88;AMEX;8,71685811;0,572172697;5,186966863;1;0;0;1;?
2DD56;MASTER;17,26156597;24,74398076;19,13148713;1;0;0;1;?
2DD96;MASTER;146,7204403;3,038585085;0,886938323;1;0;0;1;?
2EDEA;AMEX;24,26890632;0,136521016;1,501787856;1;1;1;1;?
2EEED;DINNERS;0,147547879;0,198673059;13,83286381;0;0;0;0;?
2F13A;VISA;26,83582371;1,24919608;1,997505023;1;0;0;1;?
2F21A;MASTER;13,17497081;3,976882394;1,584383972;1;0;0;1;?
2FA91;AMEX;129,7812293;0,598309629;6,941711791;1;0;0;1;?
2FB1B;VISA;34,02609896;0,584336696;0,413582767;1;0;0;1;?
2FBE2;DINNERS;6,136180829;2,57957435;1,494086903;1;1;1;1;?
3085E;AMEX;6,08934142;12,29795225;4,625347302;1;0;0;1;?
30EE4;VISA;1,1178119;0,121391185;8,578859451;0;1;0;1;?
31B4B;ELO;6,564853591;0,041256959;0,500399243;1;0;0;1;?
31C32;AMEX;3,427954441;0,075586164;0,683654807;1;0;0;1;?
31EA4;AMEX;2,413903367;0,493391023;4,190097857;1;0;0;1;?
32256;DINNERS;1,869959393;2,514884917;1,394792458;0;0;0;1;?
32727;ELO;286,3045544;0,084920551;0,170453622;1;0;0;1;?
32A42;ELO;6,649470226;0,801349068;1,467927953;1;0;0;0;?
32A47;ELO;9,740876146;3,180453521;4,89009967;1;1;0;1;?
32A4B;DINNERS;6,228760014;0,7041171;6,263280987;1;1;0;1;?
32B1E;DINNERS;1,480804056;0,073384832;5,289147818;0;0;0;1;?
32C05;MASTER;245,6368297;0,017468826;1,26659701;1;0;0;1;?
32C61;AMEX;7,847434937;0,671282692;1,070598532;1;1;0;1;?
33540;MASTER;1,119643026;0,961857776;1,19647424;0;0;0;1;?
33872;MASTER;5,317065127;1,643582444;0,357717814;1;0;0;0;?
33F03;DINNERS;114,8647925;1,478571262;0,59605489;1;0;0;1;?
345BA;ELO;47,51681939;10,52908129;4,701574264;1;0;0;1;?
345D0;ELO;201,8559062;17,94928924;0,839341564;1;0;0;1;?
34904;VISA;4,030714967;0,52131701;9,506559409;1;0;0;1;?
34912;DINNERS;9,441918016;0,547374072;9,953553001;1;0;0;1;?
34CC9;AMEX;38,33596661;0,207041498;2,131366155;1;1;0;1;?
34D9A;ELO;6,193254313;4,342273145;0,296246673;1;1;0;1;?
355F4;VISA;70,2830816;0,482615482;15,1919325;1;0;0;1;?
35638;DINNERS;67,57552427;0,762198277;12,27223417;1;0;0;1;?
35C05;ELO;4,161105986;3,030426139;8,091715583;1;0;0;1;?
35DE6;VISA;11,54204044;0,804852308;0,157328153;1;0;0;1;?
35FE1;MASTER;105,9691611;9,101813649;2,389195044;1;0;0;1;?
361D9;DINNERS;4,834574507;2,172231927;0,216922917;1;1;0;1;?
36281;VISA;15,71682606;0,105937475;0,997445192;1;0;0;1;?
36393;MASTER;2,60817426;1,792250154;0,547483245;1;1;0;0;?
363E8;MASTER;80,85440944;0,205440223;4,977483916;1;0;0;1;?
3668E;MASTER;20,01322114;2,731313931;15,75001896;1;1;0;1;?
37701;DINNERS;39,23597184;0,842249062;1,077600858;1;0;0;0;?
37A25;MASTER;105,6341643;0,136774164;7,252966263;1;1;0;1;?
37AA7;AMEX;23,14975501;0,51871319;1,058594868;1;0;0;1;?
37D23;AMEX;27,86854439;0,346827384;1,186033222;1;1;0;1;?
38109;ELO;1,626024408;0,245508717;1,335301025;0;0;0;1;?
38607;ELO;53,46555834;0,088406625;0,204612702;1;0;0;1;?
39E1B;VISA;14,24377671;0,037334044;0,500000261;1;0;0;1;?
39E1F;ELO;20,30566764;0,147978414;1,030639511;1;1;0;1;?
39EA1;AMEX;0,569994656;0,116874292;4,596341438;0;0;0;1;?
39ED8;MASTER;8,27774335;0,014195637;1,314611665;1;1;0;1;?
39F7E;MASTER;6,976530602;0,044035496;0,391514005;1;0;0;1;?
39F97;MASTER;12,49906736;0,087460629;21,55482208;1;0;0;1;?
3A762;VISA;23,11511752;33,87283874;5,100393651;1;1;0;1;?
3AF07;ELO;45,07885654;2,042706554;4,318835604;1;1;0;1;?
3B371;DINNERS;22,44651789;1,533898548;0,290251917;1;0;0;0;?
3B490;VISA;32,5764454;0,441929949;28,24031391;1;0;0;1;?
3B833;VISA;124,7217064;0,254718859;0,681738104;1;0;0;0;?
3BDDD;DINNERS;281,6837583;19,52728925;1,135383391;1;0;0;1;?
3C52C;DINNERS;45,24814646;0,21010688;0,918258631;1;0;0;0;?
3CA68;AMEX;55,42083231;0,627517781;0,900720391;1;0;0;1;?
3CE36;ELO;57,53565458;1,72891801;1,389868889;1;0;0;0;?
3D1C7;AMEX;1,822821903;13,26682079;2,14737151;0;0;0;1;?
3D6B2;ELO;38,23793026;1,990738447;9,573065605;1;0;0;1;?
3DCBB;AMEX;5,67913227;0,089531631;0,666496083;1;0;0;1;?
3DE8E;MASTER;16,79973333;53,09802905;1,027478872;1;0;0;1;?
3E1C7;VISA;23,23313253;13,44436645;0,208373701;1;0;0;1;?
3E242;ELO;35,26648271;0,085185008;0,174184253;1;1;0;1;?
3E283;VISA;8,839046704;2,970512276;2,361682547;1;0;0;1;?
3E33E;ELO;51,92318723;0,412924656;2,492684506;1;0;0;0;?
3EAE4;AMEX;5,407948148;0,165038406;2,392868843;1;0;0;0;?
3EBF8;ELO;69,64719839;0,171241613;0,32462101;1;0;0;1;?
3EC0F;AMEX;202,7574416;0,275015145;0,775548534;1;0;1;1;?
3EF82;VISA;536,2266215;0,543462763;2,373521176;1;0;0;1;?
3FC0F;DINNERS;36,82574869;0,69706902;5,932350495;1;1;0;1;?
3FC29;VISA;3,23460508;6,155422664;0,362182728;1;0;0;1;?
4025D;AMEX;2,040314452;4,750256646;6,594590695;1;0;0;1;?
403AA;AMEX;5,853458737;7,987840279;0,459242115;1;0;0;0;?
40747;DINNERS;149,7028766;2,537894954;0,314464953;1;0;0;1;?
40818;AMEX;64,4145768;2,358837402;0,790942773;1;0;0;1;?
40920;MASTER;4,553073036;0,275833476;0,556853114;1;1;0;0;?
409A6;ELO;91,60386822;0,755429196;5,060398341;1;1;0;1;?
40DBF;VISA;7,072288684;0,639052642;0,18009945;1;1;0;1;?
41BC6;AMEX;84,59765342;5,031143097;5,374801581;1;0;0;1;?
41CE3;AMEX;4,654046912;84,15844126;0,921432026;1;0;0;1;?
41E73;MASTER;10,02775093;12,4175019;7,379097318;1;1;0;1;?
41F2F;AMEX;0,375682955;3,427590851;2,483700563;0;1;0;0;?
42257;MASTER;4,711615402;0,789597646;9,080880166;1;0;0;1;?
424A6;AMEX;139,4200253;1,577636342;0,691496386;1;0;0;1;?
425BF;ELO;13,18577563;0,700928689;0,216255155;1;1;0;0;?
4271B;AMEX;20,48436508;0,208198253;32,61103886;1;0;0;1;?
42B08;AMEX;99,90976008;0,350526449;0,469204052;1;0;0;1;?
42DA7;AMEX;13,05573791;5,632184691;1,778690691;1;0;0;1;?
43243;MASTER;1182,07007;25,6589248;1,379988981;1;0;0;1;?
433FA;AMEX;0,790414761;3,352334988;4,59145833;0;0;0;1;?
43B76;VISA;8,195384344;0,412381823;2,254856083;1;1;0;1;?
43CA5;VISA;118,0349669;11,51810136;4,739289935;1;0;0;1;?
43F22;VISA;32,74017741;13,39399579;6,119978501;1;0;0;1;?
4458B;MASTER;79,70684061;0,453943883;0,5480855;1;0;1;0;?
44B70;DINNERS;3,189649239;0,15802581;0,113871936;1;0;0;1;?
44F75;MASTER;3,328380312;2,537664625;4,267433164;1;0;0;1;?
455E6;DINNERS;16,63504278;0,330179401;6,199581835;1;1;0;1;?
4594D;DINNERS;2,775668365;0,74254171;6,339541785;1;0;0;1;?
45DEA;ELO;3,926577889;3,939249377;0,160378891;1;0;0;0;?
463D7;VISA;18,21889117;20,03331666;0,435771516;1;1;0;1;?
46477;ELO;11,08515248;34,66135142;2,530758449;1;0;0;1;?
46C33;MASTER;203,7781473;0,626721944;0,796468069;1;0;0;1;?
46F9B;MASTER;42,22209601;0,557980718;2,13158228;1;0;0;1;?
471E5;DINNERS;4,52827897;11,98665883;1,261882906;1;0;0;1;?
472A4;DINNERS;2,968949198;19,28027202;8,709005898;1;1;0;1;?
47703;AMEX;17,07532392;5,661386106;1,947197639;1;1;0;0;?
479CA;VISA;167,5539364;0,092508295;0,213239339;1;0;0;1;?
47E10;DINNERS;3,58013465;73,40033311;0,229660468;1;0;0;1;?
47E78;MASTER;16,64848263;76,8867136;0,150694495;1;0;0;1;?
48974;ELO;4,057044416;2,142441467;0,368000058;1;0;0;1;?
4968C;DINNERS;23,30381608;2,771685486;0,781124826;1;1;1;1;?
49729;VISA;101,6414863;1,154381745;11,59850339;1;1;0;0;?
497DC;MASTER;68,27457225;82,42146765;2,570239198;1;0;0;1;?
498FE;MASTER;10,353495;0,104519767;0,686941801;1;0;0;1;?
49D6A;MASTER;59,54879608;0,039727778;0,086003015;1;0;0;0;?
4A5DB;VISA;2,563114392;11,78237974;0,644421408;1;0;0;1;?
4A74B;VISA;0,32536516;0,70960533;1,720483595;0;0;0;1;?
4A81A;VISA;8,19333487;8,644753511;3,143600105;1;0;0;1;?
4AE2F;VISA;147,5363437;14,07905165;2,065274179;1;0;0;1;?
4B035;MASTER;0,980343113;2,434947322;8,510325872;0;1;0;1;?
4B24D;ELO;97,59869964;1,229758522;0,088894716;1;0;0;0;?
4B3AF;DINNERS;19,25662482;0,07147927;5,426244845;1;0;0;1;?
4B56C;MASTER;112,2738759;1,193257494;1,989151497;1;1;0;1;?
4B914;VISA;0,879874763;1,381682409;5,375340698;0;1;0;1;?
4BD37;MASTER;3,161798652;3,805775971;6,810661323;1;1;0;1;?
4BD43;VISA;1,340369821;0,295635723;1,186698524;0;1;1;0;?
4BE5B;ELO;4,888331319;1,012814603;5,10343096;1;1;0;1;?
4C18A;DINNERS;11,36325113;0,476903078;1,384801175;1;0;0;0;?
4C648;VISA;102,2645738;25,87919442;0,888549087;1;0;0;1;?
4CB4C;VISA;5,72815739;0,046932471;4,305481545;1;0;0;1;?
4CC05;MASTER;15,84021329;0,494704792;0,1260897;1;1;0;1;?
4D4C4;DINNERS;109,5283476;0,804633412;2,469829507;1;1;0;0;?
4D697;ELO;19,25624979;108,4930625;1,015924523;1;0;0;0;?
4D6D6;DINNERS;4,496205598;2,915621758;4,81028765;1;0;0;1;?
4D9C1;MASTER;19,30101261;1,487343313;1,592103849;1;0;0;1;?
4DACF;ELO;3,688139176;1,953477155;0,568458232;1;1;0;1;?
4DD9C;DINNERS;47,70283885;4,769036404;9,598499499;1;0;0;1;?
4E29E;MASTER;6,430639905;0,363905202;1,159076682;1;0;0;1;?
4E631;VISA;9,003993927;0,4092207;4,927425082;1;0;0;1;?
4E768;DINNERS;14,25156458;0,090404982;6,751264054;1;0;0;1;?
4E7B9;MASTER;17,03664884;1,476279365;0,870256209;1;0;0;1;?
4E848;AMEX;60,14331515;0,202790193;4,052845696;1;0;0;1;?
4E909;AMEX;1,268864233;1,048643818;7,496695895;0;0;0;0;?
4E9B2;MASTER;218,9872654;1,813152302;0,681673155;1;0;0;1;?
4E9E7;VISA;9,807804886;10,68257252;0,261120966;1;0;0;1;?
4EB14;MASTER;26,50178133;0,313703759;4,888718789;1;0;0;1;?
4EBA6;AMEX;3,250048761;1,261072785;0,508139333;1;1;0;0;?
4ECD9;MASTER;14,87659355;6,391137988;7,077303615;1;0;0;1;?
4ED6B;VISA;2,903727885;0,011493689;0,156474006;1;0;0;0;?
4F816;VISA;0,453406109;0,037135067;12,17800093;0;1;0;0;?
4FBB8;ELO;5,867706833;3,506005941;0,642337562;1;1;1;1;?
4FBFC;DINNERS;0,978537218;2,864197824;3,262479917;0;0;0;0;?
4FEDD;VISA;58,35907528;210,755452;1,778182535;1;0;0;1;?
50238;MASTER;3,166302154;0,058822231;4,30814505;1;0;0;1;?
50528;AMEX;2,824363477;2,385967643;1,032676175;1;0;0;1;?
50833;VISA;102,7313738;1,313553158;0,086956895;1;0;0;1;?
50848;ELO;23,02412945;0,025059476;0,300026142;1;1;0;1;?
50CF4;AMEX;17,6624673;0,417630562;1,27895165;1;0;0;1;?
50D6F;VISA;1,035586773;0,291383331;0,46812268;0;0;0;1;?
514A6;ELO;1,315307739;1,467216046;4,904678421;0;1;0;1;?
5189C;DINNERS;5,148886062;0,70210974;2,213030469;1;1;0;1;?
518F1;ELO;35,28895021;6,175397961;0,189066484;1;1;0;1;?
51A74;MASTER;1,753527822;3,749889667;1,143069032;0;0;0;1;?
5254C;MASTER;42,13340265;0,450520688;12,88654282;1;0;0;1;?
52B71;ELO;0,649472964;1,798642852;15,47602062;0;0;0;1;?
530D2;MASTER;15,23536146;0,300208725;0,464272768;1;0;0;0;?
5336A;MASTER;1,606410805;0,860033993;0,066442842;0;1;0;1;?
5388E;ELO;13,38437929;2,6941295;0,301786948;1;0;0;1;?
53D45;MASTER;4,568948196;112,8952587;4,954964064;1;1;0;1;?
5402E;ELO;5,801096816;0,274956554;9,421236722;1;0;0;1;?
54AB7;AMEX;20,75913622;0,464755796;4,689781676;1;0;0;1;?
54E32;ELO;291,5045071;0,042311696;0,534282818;1;0;0;1;?
5504D;VISA;1,52365906;0,484768518;1,744873048;0;0;1;1;?
55050;DINNERS;8,948874101;0,592979579;1,55464715;1;0;0;0;?
55224;DINNERS;5,350240329;2,748817694;0,157667427;1;1;0;0;?
553D6;ELO;9,606312832;0,270258521;7,342537634;1;0;0;1;?
557DD;AMEX;274,9009243;1,78121955;0,626003455;1;0;0;1;?
55A33;MASTER;10,01539034;0,296716494;8,927112005;1;0;0;1;?
56002;DINNERS;57,87785658;0,311140008;1,945939978;1;1;0;0;?
56108;VISA;9,087054298;1,586395988;4,709665271;1;0;0;1;?
562A0;MASTER;8,197850311;6,527853581;4,081042894;1;1;0;1;?
5681D;ELO;5,341433867;1,482570199;4,437604776;1;1;0;1;?
56B1D;DINNERS;181,87772;0,535605252;0,965591143;1;0;0;1;?
56C1A;ELO;0,470222118;2,199012832;0,398893191;0;0;0;1;?
570CC;VISA;55,46476762;7,312226306;1,351961052;1;0;0;1;?
572A0;VISA;8,175497382;7,913083287;3,705153518;1;1;0;0;?
5817D;ELO;334,6202891;0,88282353;1,21383681;1;0;0;1;?
58266;VISA;91,43465105;0,041362221;0,186367278;1;0;1;1;?
58667;DINNERS;182,8617806;4,607446941;0,774545418;1;0;0;0;?
58833;MASTER;125,7775709;3,150629035;0,574290119;1;0;0;1;?
5889D;MASTER;65,4780752;0,068807645;5,302591692;1;0;0;1;?
58F18;MASTER;57,42422511;1,913080706;0,412949282;1;0;0;1;?
5907B;AMEX;53,74719241;0,239465935;1,464393971;1;1;0;1;?
590E4;VISA;22,0391355;10,46269754;6,333365441;1;1;0;1;?
5943F;ELO;27,10670854;0,405264379;4,769496939;1;0;0;1;?
59DF5;ELO;2,590785891;10,16549721;3,105453566;1;0;1;1;?
5A129;AMEX;0,431808673;57,25017359;0,283122591;0;0;0;1;?
5A84D;AMEX;26,33657615;113,8970162;0,759076178;1;0;0;1;?
5A979;ELO;7,829035822;75,48496346;1,490234997;1;0;0;1;?
5A9DF;MASTER;58,73790271;19,73190204;0,054064969;1;0;0;1;?
5AE7A;DINNERS;84,69070586;0,960240832;2,738579525;1;0;0;1;?
5B133;ELO;2,237794132;3,368231609;2,879197245;1;0;0;1;?
5B590;ELO;2,961668833;0,836398805;2,355077471;1;0;0;0;?
5C594;AMEX;6,80880033;2,805376548;1,638823299;1;0;0;0;?
5C6CB;DINNERS;1,07466371;7,004153765;4,100179474;0;1;0;1;?
5CDDC;DINNERS;11,18742022;7,290403745;0,688782924;1;0;1;1;?
5D231;MASTER;157,9897061;0,008546088;0,443683926;1;0;0;1;?
5D3A9;DINNERS;35,08618619;0,467856287;7,213496314;1;1;0;1;?
5D550;AMEX;330,3410747;5,903091822;2,98728987;1;0;0;1;?
5DABF;MASTER;3,311738273;0,142076854;2,198426993;1;0;0;0;?
5E193;MASTER;7,543610666;2,071702795;5,377500887;1;0;0;1;?
5E47A;VISA;20,92276085;0,945770298;28,26484497;1;0;0;1;?
5EDE1;VISA;12,39780505;7,300904925;8,433400817;1;1;0;1;?
5EF04;AMEX;8,958840997;0,425875636;1,005078936;1;0;0;0;?
5F69D;MASTER;3,92221196;4,82209148;0,703770448;1;0;0;0;?
5FAF6;MASTER;6,111096784;0,955214412;1,783102218;1;0;0;0;?
5FB23;VISA;11,53418243;0,90770109;6,371834016;1;0;0;1;?
5FC25;MASTER;22,84200228;2,490806248;0,135332933;1;1;0;1;?
5FEF1;AMEX;120,2159372;0,173280959;1,374861738;1;0;0;1;?
5FEF2;VISA;6,702776399;1,505302243;0,699937489;1;1;0;1;?
5FFD4;ELO;1,349407124;1,890154032;5,319205749;0;0;0;0;?
60761;ELO;44,70397868;0,889242168;1,809730555;1;1;0;0;?
6085D;MASTER;126,1072149;2,099057796;0,275039545;1;0;0;1;?
608FA;ELO;124,6401182;0,004416071;0,434884905;1;0;0;1;?
6094E;VISA;5,333112858;0,601494167;5,497563519;1;0;0;1;?
61177;VISA;15,61301918;0,995150839;0,94487068;1;1;0;1;?
611A3;ELO;7,741490804;1,572492494;0,621766728;1;0;0;1;?
611BF;DINNERS;25,30656305;1,596555427;5,457892518;1;0;0;1;?
61308;AMEX;19,48272009;2,315738611;1,132342271;1;0;1;1;?
6167A;DINNERS;27,29664618;4,297156511;2,521240793;1;0;0;0;?
61709;DINNERS;3,376971793;0,03714417;7,054688349;1;0;0;1;?
619C0;DINNERS;10,37577371;0,868259741;7,772093504;1;1;0;1;?
61BB8;DINNERS;2,977050956;0,148237443;6,046145434;1;1;0;1;?
61D56;VISA;2,752206096;0,727363925;1,385929204;1;0;0;1;?
626C6;ELO;2,508855399;0,26666594;2,931652681;1;0;0;1;?
63026;DINNERS;5,609998089;0,137513186;0,761233849;1;0;0;1;?
630AF;AMEX;40,18809394;2,153282179;126,7137012;1;1;0;1;?
63A88;DINNERS;52,94509437;0,563890644;11,76397192;1;0;0;1;?
63B98;ELO;33,23522986;275,053705;9,594263288;1;1;0;1;?
63CE3;AMEX;2,476404337;0,176130767;3,325585605;1;0;0;1;?
64247;MASTER;44,27133401;0,174185845;39,1351867;1;1;0;1;?
64E49;MASTER;82,93657456;13,8396721;6,448879869;1;0;0;1;?
64E68;MASTER;5,989855512;77,45288034;1,964951012;1;0;0;1;?
6525C;DINNERS;19,15304171;0,403532741;1,111563023;1;0;1;1;?
652E7;AMEX;25,45122598;0,350461437;0,193075043;1;1;0;0;?
65325;ELO;8,011102333;0,112232405;4,427352063;1;1;0;1;?
65B2D;DINNERS;7,420485013;11,58954932;1,493101811;1;1;0;1;?
65DDA;MASTER;1,317222949;0,650843662;1,186827895;0;0;0;1;?
65E1D;MASTER;23,90103784;1,440185365;3,252790937;1;0;0;1;?
662BA;MASTER;34,9516745;2,40893317;2,078656443;1;1;0;1;?
673EB;ELO;211,5002842;2,111634308;1,862037194;1;0;0;1;?
6754C;DINNERS;4,599180149;2,406847621;6,675494039;1;0;0;1;?
67810;ELO;1,06358891;0,074370855;4,339363516;0;0;0;1;?
679CC;DINNERS;1,712193488;2,351497708;0,534163286;0;0;0;1;?
67CE8;VISA;6,732467607;94,05596866;7,71203319;1;0;1;1;?
67FC3;AMEX;45,03173587;0,055076966;1,312067426;1;0;0;1;?
680CF;MASTER;32,28174878;1,192121094;0,394434318;1;1;0;1;?
68B30;AMEX;14,68570343;3,392571849;1,082989046;1;1;0;1;?
68BA0;VISA;6,244341386;1,87001601;1,391945318;1;0;0;1;?
68CE6;VISA;1,574525423;10,27062474;0,067868145;0;0;0;1;?
68E1A;MASTER;8,978287675;0,252036642;2,434122226;1;1;0;1;?
69117;ELO;20,34860078;0,483881752;5,431148365;1;0;0;1;?
697C5;AMEX;15,64944025;4,262598931;2,490477043;1;0;0;0;?
69935;DINNERS;37,38864984;0,30681965;0,27899426;1;0;0;0;?
69A8F;VISA;18,76039581;3,854268385;16,98420717;1;0;0;1;?
69EE5;AMEX;2,752767007;11,34231958;0,664328708;1;0;0;0;?
6A76A;AMEX;6,841207405;0,222439849;0,835550838;1;0;0;1;?
6B016;DINNERS;3,448570109;0,386173949;0,935690362;1;0;0;0;?
6B26D;DINNERS;457,4001518;5,797694447;0,75142909;1;0;0;1;?
6B397;VISA;47,18514702;0,201753769;17,25043798;1;0;0;1;?
6B411;MASTER;100,6129191;1,016710114;10,04598128;1;0;0;1;?
6B500;VISA;765,2825593;0,371561962;0,551244748;1;1;0;0;?
6B642;VISA;3,686197718;0,910156022;0,328611353;1;0;1;0;?
6B931;ELO;12,44001922;8,726477453;2,738452129;1;1;0;1;?
6B9C6;AMEX;10,73295153;1,569238967;0,169183468;1;1;0;1;?
6BA35;ELO;23,16885906;1,565111288;1,567199056;1;1;0;0;?
6BBA3;MASTER;2,763951594;0,390094288;0,615175706;1;0;1;1;?
6C53C;VISA;3,672459328;0,325990813;0,483854086;1;0;0;1;?
6C7E3;MASTER;11,00567019;0,053507064;0,802154079;1;0;0;0;?
6D127;ELO;11,54351646;0,409373378;1,578751382;1;0;0;1;?
6D158;ELO;1,798638162;2,523292016;4,269118644;0;0;0;1;?
6D2A9;DINNERS;152,3729662;4,264921009;3,885187005;1;0;0;1;?
6D357;MASTER;5,661214037;0,597677517;0,584116328;1;0;0;1;?
6E0F3;DINNERS;13,51607085;2,178774365;1,361951192;1;0;0;1;?
6E144;ELO;1,018135226;0,708260375;0,908898114;0;1;0;1;?
6E355;VISA;10,7807481;0,224876748;1,358782362;1;0;0;1;?
6E419;VISA;25,88925532;0,664164009;0,159516642;1;1;0;0;?
6EBF0;ELO;6,752360998;0,16841872;6,318050485;1;0;0;1;?
6ECB2;AMEX;8,602004068;1,203980138;3,914198062;1;1;0;0;?
6F0EE;DINNERS;39,66361089;4,198774256;5,843014674;1;0;0;1;?
6F30F;MASTER;73,08987812;1,445277367;2,283660125;1;0;0;1;?
6F543;VISA;16,40386759;1,090877124;4,775111031;1;1;0;1;?
6F59B;DINNERS;32,78871487;0,04062479;0,467258095;1;1;0;0;?
6F937;ELO;1,668710391;0,49608083;0,327632933;0;0;0;1;?
6FCA9;VISA;24,46517576;9,698102262;0,651264437;1;0;0;1;?
70645;VISA;2,798045965;0,486248903;2,353046595;1;1;0;1;?
7065F;DINNERS;239,1636401;0,112301289;0,34544073;1;0;0;1;?
7066E;MASTER;20,39090954;3,471440186;2,174161764;1;0;0;1;?
70886;VISA;5,482982322;3,501975947;1,986467254;1;0;0;0;?
70901;AMEX;20,29772898;2,079765216;7,438926599;1;0;0;1;?
70E92;VISA;7,29652776;1,154785802;1,023310655;1;0;0;1;?
711FD;DINNERS;6,70558783;57,01268881;1,609339252;1;0;0;1;?
7129F;ELO;12,88841173;0,551309048;0,386037724;1;0;1;1;?
71C76;DINNERS;21,59121556;0,061048013;0,927828373;1;0;1;0;?
71DDA;MASTER;74,79093363;5,319624788;0,998868122;1;1;0;0;?
71F2F;ELO;13,27935467;2,091676353;2,324036923;1;0;0;1;?
72067;AMEX;27,36320524;1,510587227;0,022516055;1;0;0;1;?
738E4;ELO;2,232716458;2,276456168;0,934322365;1;1;0;0;?
742EA;AMEX;179,0151863;11,15348198;1,822759364;1;0;0;1;?
745C5;DINNERS;129,8817768;0,100743529;0,238114078;1;0;0;1;?
7477D;MASTER;8,047301791;4,168764417;0,250209166;1;1;0;0;?
74969;AMEX;0,670833527;3,145657457;12,80081155;0;1;0;1;?
75642;ELO;14,36088025;1,512058801;0,217230796;1;0;0;1;?
75880;MASTER;2,447687958;11,31036588;4,936843205;1;1;0;1;?
76437;AMEX;85,83725334;1,035117876;0,868295614;1;1;0;1;?
76550;MASTER;39,23810339;1,416808814;7,147475389;1;0;0;1;?
765F5;DINNERS;13,71675325;4,387919479;0,454309226;1;1;0;1;?
766E7;DINNERS;194,5268521;0,89894794;0,840496757;1;0;0;1;?
7737D;DINNERS;105,0622086;0,34150793;2,930706163;1;0;0;1;?
780C2;ELO;12,51140362;1,24210644;0,262219759;1;0;1;1;?
781BF;VISA;14,83170612;3,124480254;0,645913152;1;1;1;0;?
7848F;DINNERS;4,791895914;6,910826094;6,013008291;1;0;0;1;?
789C8;VISA;6,186451094;0,097030717;9,739236886;1;0;0;1;?
79901;AMEX;205,4150143;13,98751298;3,020193779;1;0;0;1;?
79CF0;MASTER;5,154328337;0,01150284;1,317723796;1;1;0;1;?
7A0B3;ELO;2,913940789;279,2945611;4,172016085;1;0;0;0;?
7A14F;VISA;9,186804176;0,473845626;8,153345535;1;0;0;1;?
7A237;ELO;179,6651477;0,120919638;0,535640483;1;1;1;1;?
7A82D;ELO;1,900980271;1,871035586;4,116683495;1;1;0;1;?
7A9B2;ELO;10,03780621;13,04938534;4,09394036;1;1;0;1;?
7ABD1;VISA;13,62746831;0,231878478;9,100879015;1;0;0;1;?
7ADF8;ELO;12,25818225;0,727129781;5,811166836;1;0;0;1;?
7B06F;ELO;1,281423291;1,853014823;1,924057623;0;0;0;1;?
7B4CC;VISA;75,76877424;150,6054383;5,27393663;1;0;0;1;?
7B56F;MASTER;254,5857523;1,774457762;0,208592759;1;0;0;1;?
7B6B1;ELO;233,9052349;32,24883284;0,102661187;1;0;0;1;?
7BFA0;MASTER;2,308625001;0,588277642;5,003781944;1;0;0;1;?
7C764;AMEX;5,466383875;0,158848609;0,806384612;1;1;0;1;?
7C7E4;MASTER;13,38435109;5,002755317;0,988471022;1;0;0;0;?
7CA29;DINNERS;21,01280406;0,143909253;4,78575035;1;1;0;1;?
7CC2B;VISA;49,72522738;0,191538878;1,537185944;1;0;0;0;?
7CDAB;ELO;3,349471197;68,14004976;0,090062932;1;0;0;1;?
7CDDE;MASTER;61,20463237;3,510299444;7,092921258;1;1;0;1;?
7CF9B;MASTER;5,211159233;23,2624262;0,227790071;1;0;1;0;?
7D538;MASTER;40,35160129;0,27860288;0,94784289;1;0;0;1;?
7DA06;MASTER;124,5189425;26,00647655;0,246626004;1;0;0;1;?
7E3EF;VISA;132,6054629;3,080705123;1,426336221;1;0;0;1;?
7EEF2;DINNERS;33,90884897;1,409759249;1,287555385;1;0;0;1;?
7EF21;VISA;2,167404452;6,95237759;4,345911078;1;1;0;1;?
7F1BE;AMEX;333,3832257;0,467235362;1,099524069;1;0;0;1;?
7F3FC;AMEX;23,25184916;0,449802722;4,980789471;1;0;0;1;?
7F80A;MASTER;384,1369125;0,650738486;0,72749882;1;0;0;1;?
7FAE8;ELO;4,888104359;2,585090012;5,196157413;1;0;0;1;?
80196;ELO;7,553377221;0,043266138;1,265741446;1;1;0;1;?
803F7;ELO;18,22039234;6,885983629;0,302610409;1;0;0;1;?
804B6;DINNERS;4,387200214;8,205292107;7,558445291;1;0;0;1;?
805EF;ELO;20,45690007;2,978920956;5,027593786;1;0;0;1;?
80B2D;MASTER;1,77901121;4,610235189;9,153013092;0;0;0;0;?
80C3F;DINNERS;18,71522882;0,638486633;10,45379743;1;1;0;1;?
80DF2;AMEX;136,1270749;0,356025756;0,438928232;1;0;0;1;?
80E0C;DINNERS;4,988827956;0,520037048;1,182118376;1;1;0;1;?
81941;VISA;1,738038004;0,134839297;10,11740836;0;1;0;1;?
819FA;ELO;2,251158877;63,52743594;1,3360705;1;0;0;1;?
819FB;VISA;5,951736028;0,420614587;4,041611302;1;1;0;1;?
82F21;MASTER;1,568072283;0,112351455;5,779513387;0;1;0;1;?
82F9D;DINNERS;17,74437222;5,700212975;16,43692498;1;0;0;1;?
8302B;ELO;154,8426654;4,911872605;0,04666921;1;0;0;1;?
8315F;ELO;3,228764595;0,802423978;2,537282841;1;0;0;1;?
83936;ELO;8,502471349;0,04330909;4,562884798;1;0;0;1;?
83A96;ELO;14,08966417;0,17096019;1,02550093;1;0;0;1;?
83ABE;MASTER;18,14043434;1,382013014;6,36329092;1;0;0;1;?
83E63;DINNERS;11,20991364;0,447095329;8,632274581;1;0;0;1;?
83EC5;AMEX;10,53806364;0,113248293;1,428239371;1;0;1;1;?
83EC9;MASTER;18,4930698;1,181664998;4,4366884;1;0;0;1;?
8433D;VISA;12,65038143;1,141399578;13,13960856;1;0;0;1;?
8471E;DINNERS;3,49661569;2,159226207;3,831575774;1;0;0;1;?
8478D;MASTER;3,121425289;3,883070503;4,101901291;1;0;0;1;?
84B67;ELO;16,46490732;1,715182676;12,75398536;1;1;0;1;?
85147;DINNERS;119,5770805;0,215457362;0,254657928;1;0;0;1;?
852DD;ELO;37,61362674;0,093308697;2,336528213;1;0;0;0;?
852DF;VISA;1,25922676;2,973198573;0,171278636;0;0;1;1;?
8541F;VISA;26,44141334;0,405134187;7,397732553;1;0;0;1;?
856CB;MASTER;9,487535916;0,706679434;4,08700757;1;0;0;1;?
856F1;MASTER;52,16003042;0,35272185;0,498351191;1;0;1;0;?
85840;ELO;1,037768589;2,284833056;4,192955582;0;1;0;1;?
858F6;ELO;1,532551088;3,097159488;0,397260475;0;1;0;0;?
85AA2;AMEX;9,562434147;21,38248237;0,570319282;1;1;0;1;?
85ADF;DINNERS;5,00978918;0,430955564;0,902432224;1;0;0;1;?0
86215;MASTER;25,10238685;0,123987651;7,098984172;1;1;0;1;?
862D9;VISA;37,66819348;0,094521367;0,537935609;1;1;0;1;?
864A1;ELO;0,963729811;3,31894145;15,12203252;0;1;0;1;?
8687F;AMEX;6,190879526;1,699127283;0,846402;1;0;0;0;?
869C3;AMEX;2,810444532;0,851268845;0,673136876;1;0;1;0;?
86A71;VISA;2,148084811;0,416398204;1,037428065;1;1;1;0;?
86BDE;DINNERS;22,20724703;0,109757283;30,11608975;1;0;0;1;?
86D4C;VISA;38,17222086;1,773465921;6,656979397;1;0;0;1;?
86F50;MASTER;8,386406175;1,815767602;6,200326301;1;0;0;0;?
8755D;VISA;241,1438741;0,230956534;0,262345507;1;0;0;1;?
878B2;AMEX;7,201296121;56,54580063;9,420977799;1;0;0;1;?
87E11;VISA;26,75646605;1,490117321;2,404669967;1;0;1;1;?
881AF;VISA;4,586563849;3,365070203;2,454287777;1;0;0;0;?
884A2;DINNERS;4,426862416;5,144466644;2,323604269;1;0;0;1;?
88815;ELO;33,17773959;0,618239175;4,444227604;1;1;0;1;?
88943;AMEX;12,01108295;0,314133425;0,798424737;1;0;1;1;?
88A0D;DINNERS;5,468521612;4,416113925;6,768148533;1;0;0;1;?
88BB1;DINNERS;5,574470493;0,782367508;0,566961981;1;0;1;0;?
88C4B;VISA;5,169928151;0,534060347;1,348865996;1;1;1;1;?
88C59;ELO;6,290573076;0,778889762;5,474956171;1;1;0;1;?
88DB3;MASTER;9,569161589;0,86576191;0,891635287;1;0;0;1;?
892BD;MASTER;8,445052727;0,829382663;6,103373557;1;1;0;1;?
89492;ELO;120,4264881;1,812253113;11,23771105;1;1;0;1;?
896C5;VISA;22,26861188;5,578828505;4,312029572;1;1;0;1;?
89D5D;ELO;1,832542599;0,978430956;1,428365523;0;0;0;1;?
8A06C;ELO;6,468242515;5,855180877;5,873673588;1;0;0;1;?
8A5F4;VISA;2,764392788;0,003199164;1,300072363;1;1;0;1;?
8A8CC;VISA;3,224405387;2,635070444;2,059972582;1;0;0;0;?
8A9FF;MASTER;23,93855032;1,602502242;0,403988258;1;1;0;0;?
8AC95;VISA;2,280288781;0,482250728;4,870485077;1;0;0;1;?
8AFCF;DINNERS;25,4087344;249,6246749;2,749229291;1;0;0;1;?
8AFDB;DINNERS;3,189495854;2,776038089;5,485526679;1;0;0;1;?
8B2A9;VISA;4,373984201;2,072837325;4,087609126;1;1;0;1;?
8B3F0;AMEX;31,09332842;0,118557084;0,890572238;1;0;0;1;?
8B717;ELO;19,9631446;0,676193316;4,429922126;1;0;0;1;?
8BB14;ELO;3,231364763;0,397285282;2,095418743;1;0;0;1;?
8BB15;MASTER;20,63645258;0,269351436;1,140022568;1;0;0;0;?
8C407;VISA;6,020396851;1,176493722;14,17515729;1;0;1;0;?
8C877;VISA;5,168708301;0,700186399;0,746127644;1;0;0;1;?
8CDD4;VISA;11,05075252;52,04358395;3,661978983;1;0;0;1;?
8CED5;DINNERS;1,77272371;0,27770273;13,38502084;0;1;0;1;?
8D0C6;ELO;108,4170087;0,275988496;4,485394798;1;0;0;1;?
8D5A5;ELO;44,36817792;0,471196524;0,702188853;1;0;0;1;?
8DD52;AMEX;8,633030471;3,034760174;1,197518466;1;1;0;0;?
8ED81;AMEX;29,40307018;13,85829815;0,222316155;1;1;0;0;?
8F429;ELO;32,7561664;0,866698507;0,715640274;1;0;0;1;?
8F851;AMEX;93,06003428;1,092495766;4,075766414;1;1;0;1;?
8FF15;MASTER;34,39289258;0,03348964;0,292744632;1;0;0;1;?
90135;ELO;228,3611823;3,521575931;0,197207455;1;0;0;1;?
90284;DINNERS;4,901563645;3,772676408;0,577846439;1;1;0;0;?
90412;ELO;3,636837114;1,125220909;4,566844977;1;0;0;1;?
9075D;DINNERS;37,48527044;0,034606359;8,889221489;1;0;0;1;?
91106;ELO;155,7882088;45,87606505;0,334180559;1;0;0;1;?
919D9;ELO;8,826660759;0,61042141;3,998766987;1;1;0;1;?
91D70;VISA;5,57697548;0,163077867;1,716449255;1;1;0;1;?
91EDA;DINNERS;5,767567057;2,383673651;0,334486399;1;1;0;1;?
9247A;MASTER;13,47965093;1,185656893;4,233780028;1;1;0;1;?
92882;AMEX;4,410140041;28,80412759;6,613045165;1;0;0;1;?
9294E;AMEX;12,21675585;1,190835691;6,898061366;1;1;0;1;?
9317D;MASTER;21,28517634;0,135633603;0,583676981;1;1;0;1;?
93A76;ELO;0,898862879;1,523082302;6,358782893;0;1;0;1;?
93C67;MASTER;3,117338549;1,347376515;1,495590344;1;0;0;1;?
93CD8;ELO;23,97508626;2,469325326;1,186992199;1;0;1;1;?
93E1E;AMEX;13,66386708;1,604904179;4,807592832;1;0;0;1;?
93EF4;DINNERS;36,52520516;3,640865289;0,767763481;1;1;0;0;?
94431;ELO;18,90578718;0,673784379;5,51904233;1;1;0;1;?
94A53;DINNERS;15,72479927;1,875906117;11,00936568;1;1;0;1;?
94B7A;DINNERS;2,733860736;1,97602419;0,520279834;1;0;0;0;?
94F5A;VISA;136,3588388;17,46417177;1,17160619;1;0;0;1;?
951F1;AMEX;8,44251896;0,247654512;0,962410516;1;1;0;1;?
95C73;DINNERS;10,72515366;0,043665533;4,142037415;1;1;0;1;?
963E6;VISA;2,722967135;0,513326478;9,628794292;1;0;0;1;?
9678F;DINNERS;73,46682948;1,710467924;0,059740954;1;0;0;0;?
969D9;MASTER;242,9131874;4,424775816;0,741428259;1;0;0;0;?
969FF;VISA;6,194670766;1,142014236;0,307216609;1;0;0;0;?
96D6E;MASTER;7,847589177;2,59452889;10,66709819;1;1;0;1;?
96E13;VISA;8,449343561;0,381385533;4,091935717;1;0;0;1;?
9730C;AMEX;6,66516557;1,603089526;1,957912267;1;0;0;1;?
975EC;DINNERS;1,339466075;1,328114518;6,002847537;0;0;0;1;?
979F4;AMEX;3,501877978;3,175596154;1,363314101;1;0;1;0;?
97B19;MASTER;8,084177483;0,138202806;0,378661235;1;0;1;0;?
97B86;ELO;1,620860028;0,710191501;1,632393327;0;0;0;1;?
9839E;VISA;15,56570018;2,312278046;1,824021585;1;1;0;1;?
98531;VISA;1,821700709;0,633544049;3,130279023;0;0;0;1;?
9875C;MASTER;1,695050441;0,069200876;0,185286171;0;0;0;0;?
98F43;ELO;17,60088094;0,607649857;0,839763117;1;0;0;1;?
9941D;VISA;5,283149753;10,12880601;3,364778979;1;0;0;1;?
99814;MASTER;37,8771763;0,025445713;4,418867647;1;1;0;1;?
9A166;DINNERS;0,563988115;2,81914841;4,864327317;0;0;0;0;?
9A16B;VISA;51,41289995;3,429329906;29,91425392;1;0;0;1;?
9A2B2;MASTER;3,729806762;8,616213323;4,00648001;1;1;0;1;?
9A720;MASTER;2,750666521;0,422404731;1,74929194;1;0;0;1;?
9A8FF;VISA;0,932351418;0,071302492;0,303399392;0;0;0;0;?
9ADE6;AMEX;8,861099711;85,62756677;5,528836019;1;1;0;1;?
9AEE0;VISA;8,713401931;0,347350655;4,667221369;1;0;0;1;?
9AEFE;ELO;811,4481874;0,389193357;0,205420147;1;0;0;1;?
9AF8E;MASTER;0,847759459;3,31403139;0,475497212;0;1;0;0;?
9B074;VISA;3,216044756;17,14473592;1,788833243;1;1;0;1;?
9B61D;MASTER;61,05019647;0,201310259;5,844950634;1;0;0;1;?
9B9CA;AMEX;14,12790501;5,862020928;0,292773048;1;1;0;1;?
9C77F;VISA;0,475513405;72,12369294;0,890411642;0;0;0;1;?
9C82A;VISA;31,89235267;0,120352361;0,348585634;1;0;0;1;?
9CEB0;VISA;1,065103068;3,233769352;1,876446518;0;0;0;0;?
9D0F0;MASTER;7,60082246;1,23279071;1,449561027;1;0;0;0;?
9D6B0;DINNERS;63,03637338;0,105528246;4,198796651;1;0;0;1;?
9D732;AMEX;140,2678012;0,639275457;1,086451825;1;0;0;1;?
9DE1E;VISA;12,76621731;23,44005736;2,748127678;1;0;0;0;?
9DF2D;VISA;158,9936192;1,308535052;1,839629092;1;0;0;1;?
9DFA0;MASTER;109,7021526;0,234008129;5,710197509;1;0;0;1;?
9E066;MASTER;15,69330306;4,177117;0,331321954;1;0;0;1;?
9E5E8;AMEX;12,24564033;0,22650112;0,993680165;1;0;0;1;?
9E697;DINNERS;3,345279485;7,803402947;4,729731132;1;1;0;1;?
9EFF2;DINNERS;50,59753673;0,457618786;4,159322335;1;0;0;1;?
9F029;DINNERS;32,70770243;7,480809467;5,497210311;1;1;0;1;?
9F60B;DINNERS;45,8151712;0,227493977;0,713608022;1;0;0;1;?
9F6AD;ELO;6,031492098;0,346467284;4,542608551;1;0;0;1;?
9F820;VISA;2,745454288;0,377066263;5,540656345;1;0;0;1;?
9F8E5;VISA;21,37741932;0,408323947;0,190822942;1;1;0;1;?
A0324;ELO;573,9710067;0,061583892;0,522875934;1;0;0;1;?
A0CFE;VISA;1,744965145;0,130406905;8,147968831;0;0;0;0;?
A10F9;AMEX;1,656501078;1,271706818;6,948867857;0;0;0;1;?
A1156;DINNERS;28,90062649;0,028615121;0,304719488;1;0;1;0;?
A11DD;VISA;2,65443319;0,233691766;5,39335529;1;0;0;1;?
A1867;DINNERS;13,95597237;0,271521528;2,798901125;1;0;0;1;?
A192C;MASTER;5,376921586;0,210356371;0,808983053;1;1;0;0;?
A19F5;VISA;6,738288996;0,563817443;1,803965207;1;0;0;1;?
A23D8;AMEX;2,259733912;0,701442689;1,88202689;1;0;0;1;?
A24E2;MASTER;3,145401806;113,9486025;6,930096377;1;0;0;0;?
A24F7;ELO;12,51099132;0,373076633;8,712512868;1;0;0;1;?
A2804;DINNERS;168,3831034;0,634306925;1,48459128;1;0;0;1;?
A2896;AMEX;19,30371622;0,664108066;0,673727244;1;0;0;1;?
A2CF2;ELO;249,4365575;10,9897574;10,7201227;1;0;0;0;?
A3A8F;MASTER;83,19190905;0,974245099;2,204589077;1;1;0;1;?
A3C57;VISA;47,31394625;6,192771366;0,623550243;1;1;0;0;?
A3DE4;AMEX;120,7084531;0,052452328;0,388831256;1;0;0;1;?
A3EF5;MASTER;13,16729033;6,011046021;0,809496888;1;1;0;1;?
A3F11;ELO;46,55429557;2,591477634;3,242943884;1;1;0;0;?
A4087;MASTER;8,154231197;0,137577033;0,712067772;1;0;0;1;?
A4472;MASTER;8,887529672;0,70436696;1,986620557;1;1;0;1;?
A4899;AMEX;136,3940947;0,166769906;0,048525671;1;0;0;1;?
A48F4;AMEX;56,59109468;0,718385891;0,736883111;1;0;0;1;?
A4ED5;VISA;1,818318848;9,376789376;1,239807627;0;0;0;1;?
A56A5;DINNERS;521,424992;0,306265065;26,25834046;1;0;0;1;?
A5BF7;AMEX;33,00326093;1,502598047;0,616965237;1;1;0;0;?
A6879;AMEX;9,101395309;1,498959758;11,32485885;1;0;0;1;?
A6922;MASTER;1,409909359;0,098282541;4,16335382;0;1;0;1;?
A69CC;VISA;30,78969336;0,073989371;1,354420631;1;0;1;1;?
A6DCF;AMEX;12,0369247;0,134304935;1,227404607;1;0;0;1;?
A7539;DINNERS;14,38568479;2,233618973;8,767339604;1;0;0;1;?
A762D;ELO;152,3554104;0,047892738;0,292119466;1;0;0;1;?
A79BA;VISA;3,752089217;0,016283998;1,121408685;1;0;0;0;?
A7C79;ELO;104,2385427;6,346917105;7,310493517;1;0;0;1;?
A845A;AMEX;2,997090112;0,628239524;13,8954779;1;0;0;1;?
A85FF;MASTER;15,01904264;0,023864308;0,503276158;1;0;0;0;?
A895A;ELO;92,00940533;2,252856297;1,864322381;1;0;0;1;?
A8D70;VISA;6,266875949;0,630584062;1,564972992;1;0;0;0;?
A8E26;MASTER;17,04338443;0,328273383;0,347203876;1;0;0;1;?
A8FD1;ELO;63,58299864;0,335557582;0,898347776;1;0;0;1;?
A91F4;MASTER;17,34151194;1,030454191;2,370736049;1;0;0;0;?
A9348;VISA;58,97661094;9,002463448;0,330141362;1;0;0;1;?
A93D9;DINNERS;106,3306889;0,819417011;0,750926081;1;0;0;1;?
A94D8;AMEX;159,6924114;0,462648675;5,483238922;1;1;0;1;?
A97A2;ELO;11,15146225;0,610362847;1,374947356;1;0;0;1;?
A9A4E;AMEX;13,43126101;0,265817644;4,268057637;1;1;0;1;?
A9FEF;DINNERS;56,55017286;0,231074591;5,941664564;1;1;0;0;?
AA177;AMEX;7,654018285;1,196821217;3,865976883;1;0;0;1;?
AA188;MASTER;3,045372744;0,091252205;0,146399006;1;0;0;1;?
AA4A2;DINNERS;1,24955503;1,954453545;1,993879691;0;1;0;1;?
AAA18;AMEX;42,73585576;0,035699496;1,80639333;1;1;0;0;?
AB46D;ELO;265,3576778;0,062986578;3,981297153;1;0;0;1;?
ABB4D;DINNERS;7,100488776;9,924990966;7,529726497;1;0;0;1;?
AC475;VISA;32,37411508;3,218883872;2,392095936;1;0;0;0;?
AC5F0;ELO;26,06832403;1,360796438;4,983074583;1;0;0;1;?
AC5F1;MASTER;20,01440301;14,664483;4,799112372;1;1;0;1;?
AC660;VISA;3,273425744;1,056947913;1,694281209;1;0;0;1;?
ACA9A;AMEX;4,375679982;2,257464516;38,24688419;1;1;0;1;?
ACD36;MASTER;13,36363537;0,437106579;2,133985058;1;0;0;1;?
ACFF6;ELO;45,78484032;0,112816444;1,810569077;1;0;0;0;?
AD42C;MASTER;13,3704968;5,02713949;1,70477255;1;0;0;1;?
AD50F;AMEX;3,097768676;0,680064645;4,048085997;1;0;0;1;?
AD66A;DINNERS;31,68643151;1,132574241;0,292410174;1;0;0;1;?
ADCA8;DINNERS;31,34555856;55,41245402;1,079309359;1;0;0;1;?
AE525;DINNERS;2,398041451;3,498121795;6,012196733;1;0;0;1;?
AE7C7;DINNERS;6,792999036;3,419804848;0,438824282;1;0;0;1;?
AE7CF;VISA;234,1393219;4,07814759;1,884263148;1;0;0;1;?
AEC65;MASTER;5,465900647;0,217049825;5,499399445;1;0;0;1;?
AEFFB;AMEX;21,18010896;52,16894914;3,94711298;1;0;0;1;?
AF3F7;VISA;3,720580048;12,63106863;4,217862175;1;1;0;1;?
AF89E;VISA;9,241800307;1,962260091;5,19534572;1;1;0;1;?
AF8AA;ELO;3,276881386;1,168862146;4,818037318;1;0;0;1;?
AFE8D;ELO;60,81399008;0,587777733;0,678141745;1;0;0;1;?
B00EA;MASTER;0,114056308;4,142286129;0,491880029;0;0;0;0;?
B03B8;AMEX;1,210873738;4,934786453;0,292294448;0;0;0;0;?
B03E5;DINNERS;4,623255633;0,652720112;11,8093565;1;0;0;1;?
B0717;AMEX;10,3996906;0,460512276;0,743576263;1;0;0;1;?
B12D1;DINNERS;93,88253055;16,92461132;4,479594319;1;0;0;1;?
B143E;VISA;5,086679369;0,393837583;1,042940992;1;1;1;1;?
B1588;MASTER;176,0468853;10,61178205;0,838057329;1;0;0;1;?
B1B64;DINNERS;1,287480928;139,4534226;0,591027607;0;0;0;1;?
B220B;DINNERS;101,2902411;0,060899818;0,368285214;1;0;0;1;?
B23F2;DINNERS;118,5616046;0,135153247;0,448709315;1;0;0;1;?
B273E;VISA;25,07628171;43,30446072;0,325630837;1;0;0;1;?
B28DF;AMEX;3,76033786;0,503741752;5,916393647;1;0;0;1;?
B297A;AMEX;2,701166156;1,809928034;4,256592098;1;0;0;0;?
B29D2;VISA;71,58305918;29,66720451;22,41540127;1;0;0;1;?
B2AC1;AMEX;117,8615287;0,078950043;1,912539888;1;0;0;1;?
B2B1A;MASTER;50,63922529;1,477995208;5,368728158;1;0;0;1;?
B2DA7;MASTER;89,36053128;97,57501486;11,73411986;1;0;0;1;?
B30AD;DINNERS;10,5905131;3,399658227;4,82552141;1;0;0;1;?
B310F;VISA;9,890449997;6,491197581;1,787365557;1;0;0;1;?
B3284;VISA;6,119067523;0,677713446;1,63701172;1;0;0;1;?
B35EF;AMEX;11,61273087;1,351263566;7,474947462;1;1;0;1;?
B3679;DINNERS;38,95525947;6,362583215;0,212653293;1;0;0;1;?
B485F;DINNERS;0,876632256;2,503608927;1,516999315;0;0;0;0;?
B4AFC;ELO;212,5271118;5,046401257;0,169026615;1;0;0;1;?
B4D7D;DINNERS;0,437514402;23,6806261;0,355723165;0;0;0;1;?
B5083;AMEX;0,744561452;5,114537567;7,652791609;0;0;0;0;?
B5284;DINNERS;27,88179977;4,357050006;0,203521711;1;0;0;1;?
B540B;ELO;3,436953217;2,677071903;0,559223761;1;1;0;0;?
B577D;AMEX;11,50157552;1,25563526;1,395666659;1;0;0;1;?
B5957;DINNERS;127,9753913;0,504309571;1,562985235;1;0;0;1;?
B5AFF;AMEX;8,745706819;2,619224751;0,915243002;1;0;0;1;?
B5D9C;DINNERS;1,094775576;0,312213145;7,371075303;0;1;0;1;?
B5E3F;AMEX;2,40532073;0,045882752;1,763793504;1;1;0;0;?
B5E7A;DINNERS;13,59236757;0,240539813;1,370329861;1;1;0;1;?
B5F01;DINNERS;17,75676256;2,895898574;0,662669281;1;0;0;0;?
B61A6;AMEX;3,492126952;2,761981494;4,630711996;1;1;0;1;?
B63A6;MASTER;12,23920502;1,59391002;4,737411748;1;0;0;1;?
B63C0;DINNERS;2,247564328;5,600043547;0,362662578;1;1;0;1;?
B6401;DINNERS;1,905662604;2,627153168;20,45779919;1;1;0;1;?
B6780;MASTER;4,085798543;1,473415207;4,957759134;1;0;0;1;?
B6AA2;AMEX;219,6320688;0,575114315;4,298080069;1;0;0;1;?
B6F74;VISA;3,558425937;0,020099959;7,185120446;1;1;0;1;?
B7410;MASTER;2,121811005;0,02574449;2,019384513;1;1;0;1;?
B7EBD;MASTER;51,60695264;0,698649608;4,214040241;1;1;0;1;?
B828E;AMEX;105,8831248;0,064103835;3,147358048;1;0;0;1;?
B84A3;DINNERS;1,164352824;0,484344963;1,013047137;0;0;0;1;?
B8A54;DINNERS;2,642010648;0,855687921;0,704809779;1;1;0;1;?
B8B4B;ELO;2,937545089;7,140061629;3,456801927;1;0;0;1;?
B8F2F;DINNERS;44,190936;0,566486268;2,222767298;1;1;0;1;?
B9004;AMEX;8,439526737;76,29518665;0,525494812;1;0;0;1;?
B9186;ELO;43,28131438;3,367792624;0,676058275;1;1;1;1;?
B99DE;MASTER;70,27269774;0,307761576;14,03834094;1;0;0;1;?
BA5C8;MASTER;108,339919;0,931152806;1,713010177;1;0;0;1;?
BA665;DINNERS;12,40485644;0,003269354;5,201667743;1;0;0;1;?
BA70B;ELO;104,2937973;3,231994428;1,458956469;1;0;0;1;?
BADFA;DINNERS;6,606444922;2,921791968;4,424090607;1;1;0;1;?
BAEA7;VISA;0,836668941;1,701393009;0,495434446;0;0;0;1;?
BBC32;MASTER;4,185355993;0,647599331;11,51820404;1;0;0;1;?
BBCC1;DINNERS;28,34163102;9,868671754;0,244756941;1;0;0;0;?
BBE0E;ELO;8,167520582;3,28948355;0,209413826;1;1;0;0;?
BBFDE;ELO;18,63311927;6,776479;2,542593961;1;1;0;1;?
BC005;MASTER;51,51823661;0,855141153;3,79622056;1;0;1;0;?
BC088;MASTER;129,1323637;4,293686369;3,816682497;1;0;0;1;?
BC5F5;MASTER;40,64535579;5,154012634;0,242996015;1;1;0;0;?
BC6EA;AMEX;1,307585576;2,247864758;4,755209072;0;1;0;0;?
BC96D;VISA;15,09819201;0,396494847;1,001797552;1;0;0;1;?
BCA93;VISA;7,52820435;15,22543133;0,074607876;1;0;0;1;?
BD5C1;AMEX;13,72805108;2,56106571;0,188185118;1;0;0;1;?
BD80A;AMEX;11,71990212;0,088551483;8,084716511;1;0;0;1;?
BD862;AMEX;15,02006106;80,23723434;1,432452731;1;0;0;1;?
BDBCA;AMEX;71,45056884;0,757631018;0,584373917;1;0;0;0;?
BDD96;MASTER;4,070386466;1,210691165;0,365732082;1;0;0;0;?
BE39B;MASTER;129,948196;15,70103291;1,523280703;1;0;1;1;?
BE72A;AMEX;14,83133122;0,255510021;0,389416929;1;1;0;1;?
BEE9B;ELO;14,74559655;0,371949838;1,885095464;1;0;0;1;?
BF2D7;VISA;10,99120127;50,86759173;0,314642891;1;1;0;0;?
BF4BC;MASTER;140,502784;0,049222273;5,815805239;1;0;0;1;?
BF7E3;ELO;11,79062485;11,01112085;0,13307725;1;0;0;1;?
BFE1A;MASTER;11,62741592;21,89418548;1,354570799;1;0;0;1;?
C02C1;MASTER;6,809934236;0,074934727;5,609629115;1;0;0;1;?
C03A0;ELO;2,660649119;0,657162048;3,837859968;1;0;0;1;?
C04D1;MASTER;3,589648598;6,247457542;1,846450527;1;0;0;0;?
C0509;ELO;9,931274256;62,83512947;0,614092529;1;0;0;1;?
C080D;VISA;63,74208998;18,27289744;0,581007818;1;0;0;1;?
C085D;VISA;2,331085506;19,13546946;12,08890678;1;0;0;1;?
C086C;AMEX;1160,67418;1,926612942;3,314428561;1;0;0;1;?
C0908;VISA;1,398990629;0,196516855;6,012161596;0;0;0;0;?
C0B6C;DINNERS;5,949790365;668,7134882;4,987822155;1;0;0;0;?
C0F77;ELO;8,063855934;80,79830786;7,657336039;1;0;0;0;?
C0FB3;AMEX;9,556057554;19,52403434;12,06536568;1;0;0;1;?
C12BE;DINNERS;2,867988382;0,317795324;2,217679985;1;0;0;0;?
C2179;DINNERS;2,997383472;1,52817947;4,21771593;1;0;0;1;?
C2195;ELO;4,27158727;2,924024905;4,414080057;1;1;0;1;?
C276A;VISA;2,602379668;3,809359822;9,23103865;1;1;0;0;?
C2786;ELO;5,586407674;13,26107327;0,064768465;1;0;0;0;?
C32C6;ELO;38,65607982;0,681389006;3,456065336;1;1;0;1;?
C4421;MASTER;14,81930075;11,85551852;4,151894625;1;1;0;1;?
C475D;VISA;15,08976652;26,27618071;4,684809246;1;0;0;1;?
C490B;AMEX;6,082385127;3,871582909;2,025796123;1;0;1;0;?
C498B;ELO;12,6175841;1,017956433;12,84847532;1;0;0;1;?
C5658;ELO;23,64084832;0,072674477;0,219699977;1;0;0;1;?
C565E;AMEX;17,79788824;1,395508398;2,880479352;1;1;0;0;?
C5763;AMEX;4,848246572;0,320735427;1,273049524;1;0;1;0;?
C610F;ELO;114,05661;1,125640479;0,615876251;1;0;0;1;?
C6172;AMEX;6,701852476;0,260087966;3,796329318;1;0;0;1;?
C6717;AMEX;1,353370764;0,226148834;5,944442241;0;0;0;1;?
C7019;MASTER;263,7448192;44,3162426;0,852799983;1;0;0;1;?
C7482;ELO;56,64702674;1,598870127;5,07259834;1;0;0;1;?
C7564;VISA;3,324971669;6,027441941;5,173110365;1;0;0;1;?
C7A87;ELO;4,000969679;0,095762116;4,149601722;1;1;0;1;?
C7F40;ELO;39,6556906;1,169157775;1,166138538;1;0;0;1;?
C882A;VISA;36,72505735;0,129994793;1,180745511;1;1;0;0;?
C891E;ELO;40,4422358;0,187131302;1,922024617;1;1;0;1;?
C94EA;VISA;14,85090854;7,218321875;10,68033436;1;1;0;1;?
C9601;ELO;5,113250249;0,028758877;4,7354926;1;0;0;1;?
C9869;DINNERS;185,3134484;3,194466252;1,251735082;1;0;0;1;?
C99E2;VISA;8,25234405;24,38588522;9,254259619;1;1;0;1;?
C9A8F;AMEX;14,26352974;0,158758086;1,136101941;1;1;0;1;?
C9B7C;ELO;34,54719659;1,059283712;61,9906138;1;0;0;1;?
C9C44;MASTER;0,822670908;0,644241528;0,980721666;0;0;0;1;?
C9CBC;MASTER;207,3820761;0,644487215;4,61813308;1;1;0;1;?
C9CD0;VISA;41,54192326;3,100347944;11,97037155;1;1;0;1;?
C9F14;DINNERS;78,62324229;1,4092452;1,838016428;1;1;0;0;?
CB150;AMEX;0,453375037;12,5060531;4,178236303;0;0;0;1;?
CB1E6;DINNERS;2,253822404;0,841076132;0,420308575;1;0;1;0;?
CB64B;VISA;67,59186117;1,612995562;0,207043005;1;1;0;0;?
CB68F;VISA;367,5029037;3,143785563;2,500150514;1;0;0;1;?
CBC41;MASTER;9,046135789;9,139553948;0,746131543;1;1;0;0;?
CBCBE;AMEX;2,200265202;0,071120392;6,940459369;1;0;0;1;?
CC2A8;VISA;9,683342427;0,09585077;2,145045777;1;0;0;1;?
CC2CD;DINNERS;0,249122205;0,310728651;0,487868008;0;0;0;1;?
CC398;VISA;72,92483277;2,202201688;0,883703012;1;0;0;1;?
CC3B8;AMEX;6,574500297;0,09513977;6,761526064;1;0;0;1;?
CC641;AMEX;0,71800541;10,05451985;1,341926904;0;1;0;0;?
CC784;AMEX;47,54332116;53,51578241;0,648222491;1;0;0;1;?
CCA9C;VISA;2,307158185;4,841928209;11,96178607;1;1;0;1;?
CCC1D;ELO;22,27871793;0,740993365;2,996496754;1;0;0;0;?
CCDC7;MASTER;3,388097655;1,63137791;4,477576119;1;0;0;1;?
CCE28;AMEX;5,303524756;0,078297969;0,210393125;1;0;0;0;?
CD0E1;MASTER;5,695493428;2,632929378;0,330789367;1;0;0;0;?
CD4C2;DINNERS;48,76578564;1,181796988;1,194516641;1;1;0;1;?
CD9C9;MASTER;13,28900153;1,19308652;0,582012234;1;0;0;1;?
CD9DA;AMEX;3,434168965;0,552814702;9,66835951;1;0;0;1;?
CDE3C;DINNERS;21,14428443;5,225097894;1,068578662;1;0;0;1;?
CDF91;MASTER;1,473612642;0,731887553;5,932612102;0;0;0;0;?
CE15A;MASTER;14,16939326;0,627489418;0,3243685;1;0;0;1;?
CE1C1;ELO;9,402730718;0,340081234;8,518274507;1;0;0;1;?
CE9EF;VISA;5,402757442;1,010555455;8,428769674;1;1;0;1;?
CEB48;DINNERS;11,3409775;11,87910385;0,940543563;1;0;0;0;?
CEBFA;DINNERS;168,4644807;1,352934512;2,014450148;1;0;0;1;?
CF3F9;ELO;158,0420596;72,97253645;0,508761315;1;0;0;1;?
CF644;VISA;12,13185314;1,074913989;0,410581847;1;1;0;0;?
CFB8E;ELO;6,934724834;0,163901833;4,358895835;1;0;0;1;?
CFBEC;ELO;8,868768948;0,094204911;0,293933588;1;0;0;0;?
CFCC8;AMEX;204,1079603;54,53431352;0,690515917;1;0;0;1;?
CFD3F;DINNERS;22,40957871;1,393890912;0,494685212;1;0;0;1;?
CFDD4;ELO;13,05847051;0,256084064;1,001254294;1;0;0;0;?
CFFCD;AMEX;17,24741487;0,216716754;1,633251184;1;0;0;0;?
D024A;DINNERS;1,302886912;2,317764573;7,892935558;0;1;0;1;?
D032A;VISA;1,750683648;0,580885031;0,247285494;0;0;0;0;?
D0419;MASTER;2,091284387;0,295557278;49,96111372;1;0;0;1;?
D0551;MASTER;70,20819773;0,78046168;1,160596826;1;1;0;1;?
D0870;ELO;1,962944418;0,643003705;0,559660072;1;0;0;1;?
D0C2F;DINNERS;2,020769395;0,178019565;0,814507941;1;1;0;1;?
D0E0D;MASTER;14,73729197;132,034827;1,123251285;1;1;0;0;?
D0FB0;DINNERS;9,520682342;0,865589121;2,89411145;1;1;0;1;?
D122D;ELO;45,29665756;0,882736432;8,856861077;1;0;0;1;?
D16C8;AMEX;5,471113979;1,024178087;0,067180502;1;0;0;0;?
D19EE;MASTER;24,10332301;0,024429882;12,97422248;1;0;0;1;?
D1A3C;ELO;8,621363388;0,019728082;4,506725522;1;1;0;1;?
D1B7C;AMEX;167,6789878;7,756202507;1,848856353;1;0;0;1;?
D1C42;DINNERS;360,2063696;0,101398165;0,909472792;1;0;0;1;?
D1D80;MASTER;10,1389098;1,718571956;0,204125828;1;0;0;0;?
D1D9A;AMEX;4,159180999;0,645901093;0,568752502;1;1;0;0;?
D1E6A;ELO;226,8331043;53,33783615;1,146473041;1;0;0;1;?
D1FE1;MASTER;13,01860956;16,59708291;4,093329358;1;1;0;1;?
D2570;DINNERS;5,534137006;2,160614998;36,07436613;1;0;0;0;?
D2D35;DINNERS;4,939540681;2,106295218;5,430454712;1;0;0;1;?
D2FDA;ELO;9,311299584;0,090026158;0,704987301;1;0;0;1;?
D3309;VISA;0,97514987;0,030434471;0,351549106;0;0;0;1;?
D3593;DINNERS;2,739623489;5,141774067;0,617280494;1;1;1;1;?
D3C7F;AMEX;7,738952227;0,687468394;5,228843415;1;0;0;1;?
D3DC8;VISA;13,54977726;8,929510616;4,43458451;1;0;0;1;?
D3EAD;MASTER;9,729462832;0,152264784;0,352450343;1;1;0;0;?
D44EF;AMEX;0,530985369;1,501574953;4,421388187;0;1;0;0;?
D4687;VISA;2,398930939;0,132133315;6,96313873;1;0;0;1;?
D512A;ELO;29,62175711;135,8006925;1,427545639;1;0;0;1;?
D5223;AMEX;266,7626869;6,553525177;0,564564602;1;0;0;1;?
D55DA;MASTER;114,5197894;0,707003253;0,516989925;1;0;0;0;?
D5AE5;MASTER;8,326694107;0,227920969;6,359716767;1;0;0;1;?
D5B64;MASTER;2,064181398;0,540532453;0,095553742;1;0;0;1;?
D64CE;AMEX;132,3914554;0,359299847;0,82082858;1;0;0;1;?
D7014;VISA;4,970775363;0,041625134;0,163549983;1;0;0;1;?
D7129;AMEX;17,70930464;0,32834566;7,931985193;1;0;0;1;?
D7556;DINNERS;0,826296175;0,241470396;4,946266964;0;0;0;0;?
D7614;AMEX;12,39127146;1,658017253;0,380574689;1;0;0;1;?
D778D;MASTER;3,724019125;0,956837928;0,278464945;1;0;0;1;?
D7B0D;MASTER;19,31407942;0,067425946;7,626361383;1;0;0;1;?
D7DFB;AMEX;3,771035097;0,619590433;18,06939126;1;0;0;1;?
D8139;AMEX;22,30280235;0,165404993;0,460320105;1;0;1;1;?
D86F7;MASTER;4,348321062;0,445811893;8,519711722;1;0;0;1;?
D8AFC;MASTER;261,9497667;0,576193601;1,913167488;1;0;0;1;?
D8E8E;ELO;140,3947227;0,13836218;1,159313887;1;0;0;1;?
D9385;VISA;4,378167987;2,777142452;4,93281465;1;1;0;1;?
D989F;DINNERS;119,8712174;0,427533915;0,214675428;1;0;0;0;?
D9D5C;MASTER;10,22543769;0,486101803;0,482909578;1;0;0;1;?
DA095;ELO;5,111290291;0,039368838;0,647981001;1;0;0;1;?
DA551;DINNERS;36,43323901;29,45355376;1,923812948;1;0;0;1;?
DAAB3;MASTER;44,63491842;0,215092999;5,047656913;1;0;0;1;?
DAE0F;DINNERS;3,186910924;0,169463187;4,194498797;1;0;0;1;?
DB210;ELO;3,357480767;990,0703152;3,157889903;1;0;0;0;?
DB509;MASTER;215,4686985;1,132499393;0,429625346;1;0;0;1;?
DB56C;AMEX;10,57695607;1,26797822;1,298362258;1;1;0;1;?
DBC07;MASTER;335,7691477;0,879809684;5,361224522;1;0;0;1;?
DBDBB;MASTER;2,713987502;0,102796893;0,440645755;1;0;0;0;?
DC18E;VISA;185,582956;0,445364256;5,847280386;1;0;0;0;?
DC591;DINNERS;101,8192071;0,232921896;0,689556177;1;0;0;1;?
DC9FE;VISA;1,765087385;0,703380944;2,074425151;0;0;0;1;?
DCD41;ELO;3,741864117;69,33779663;0,405118359;1;0;0;1;?
DD38D;VISA;8,926404269;4,625609274;4,179124942;1;0;0;1;?
DD5ED;AMEX;172,9420376;2,001763118;4,273139415;1;1;0;0;?
DD686;DINNERS;9,309141021;0,595222053;0,052925874;1;0;1;1;?
DD721;MASTER;32,42165183;0,96897111;4,127054625;1;1;0;1;?
DD839;AMEX;5,094173313;17,35140942;5,080266912;1;1;0;1;?
DD8E3;MASTER;17,83221075;52,45630056;1,237142055;1;0;0;1;?
DD90E;VISA;15,23738019;27,12073906;0,955504071;1;0;0;1;?
DD953;DINNERS;16,00098662;0,182619281;4,092238894;1;0;0;1;?
DDA54;MASTER;46,68792021;0,927317069;0,156418131;1;0;0;1;?
DDEDA;DINNERS;13,25181798;0,0624691;0,682559348;1;0;0;1;?
DDF93;VISA;5,091079491;0,805152595;0,427714561;1;0;0;1;?
DE0A4;DINNERS;0,644017718;20,90267702;23,38751375;0;0;0;1;?
DE1E8;AMEX;1,118987074;9,85851636;6,919003728;0;0;0;0;?
DE599;VISA;16,15845855;0,114327152;4,618564083;1;0;0;1;?
DEAFB;VISA;7,800987514;0,480782977;6,50085539;1;0;0;1;?
DF18A;DINNERS;3,691680523;4,881542198;7,88760146;1;0;0;1;?
E0755;VISA;24,55449212;0,85817141;0,913537605;1;0;0;0;?
E08A4;AMEX;69,48260119;0,236830782;1,469555279;1;1;0;1;?
E0BD7;VISA;36,59554186;1,333665284;0,249509146;1;1;0;0;?
E1035;MASTER;185,9261965;1,910086167;0,473376614;1;0;0;1;?
E1349;MASTER;36,55689879;0,369011431;1,296316493;1;0;0;0;?
E1629;MASTER;50,34965178;0,044087807;5,821308752;1;0;0;1;?
E1665;MASTER;360,2828909;0,822403527;0,963581259;1;0;0;1;?
E1845;ELO;78,77181296;2,048881456;4,259430935;1;1;0;1;?
E22B0;DINNERS;22,30764244;0,009641224;5,828477518;1;0;0;1;?
E2839;VISA;129,7141556;7,336318251;0,638215585;1;0;0;1;?
E2994;ELO;118,3521038;0,624861774;7,285787566;1;0;0;1;?
E2EF1;MASTER;4,422142802;0,402990257;2,096687257;1;0;0;0;?
E3EF0;VISA;1,163866361;0,06052132;4,273704168;0;0;0;0;?
E3F2B;MASTER;14,50769561;4,301869919;4,272895593;1;0;0;1;?
E444A;AMEX;0,948522924;23,40409489;0,90498024;0;0;0;1;?
E44F3;VISA;5,937816619;2,792456698;5,069574228;1;0;0;1;?
E45C5;MASTER;62,60717342;4,135260042;6,990106344;1;0;0;0;?
E47EE;AMEX;41,88069337;0,665172149;7,026983171;1;1;0;1;?
E4895;DINNERS;3,080101147;1,903364321;0,726604073;1;0;1;0;?
E4EFD;VISA;14,59693483;0,120035327;0,214751776;1;0;1;0;?
E4F1E;AMEX;7,495234314;19,62811646;5,868334927;1;0;0;1;?
E5811;VISA;29,5789152;1,258031801;0,788657559;1;0;0;0;?
E6337;AMEX;44,37502017;0,417006773;2,000317439;1;0;0;1;?
E64B4;DINNERS;3,449693507;0,195377328;0,816470318;1;0;0;1;?
E72C3;DINNERS;136,5074939;0,469062967;1,464120403;1;0;0;1;?
E744A;ELO;3,340273281;8,429140853;3,180621558;1;0;0;0;?
E759C;ELO;3,923262361;0,432572525;0,54532104;1;0;0;0;?
E777D;ELO;406,6334253;4,956462546;7,912022755;1;0;1;1;?
E825A;AMEX;1,200795914;2,654549612;0,056668494;0;0;0;0;?
E826D;ELO;10,24358843;64,10741654;1,820793161;1;0;0;1;?
E831D;VISA;1,22855243;9,256474239;4,906841315;0;1;0;1;?
E8790;MASTER;161,6154815;1,663477436;2,109672604;1;0;0;1;?
E8EAC;ELO;4,7774068;0,038010977;8,12155397;1;0;0;1;?
E9237;ELO;0,805305709;0,128807772;1,27150117;0;0;0;0;?
E9463;MASTER;16,66134925;2,784198855;1,141515683;1;1;1;1;?
E95F7;ELO;3,107017208;53,55051542;0,547532777;1;0;0;1;?
E972D;ELO;1,750378482;0,084898795;0,26465738;0;0;0;1;?
E9AAD;DINNERS;126,2141852;3,377204907;0,116736478;1;0;0;1;?
E9DF1;ELO;74,95197178;0,035593744;8,158311757;1;0;0;1;?
EA215;ELO;11,04395709;1,243576152;4,395723312;1;0;0;1;?
EA7AE;ELO;2,620306096;0,696115074;33,3373369;1;0;0;1;?
EAD96;VISA;8,120673803;0,933358504;1,164080937;1;1;0;1;?
EAEB8;ELO;5,657676112;0,018183197;0,51553146;1;1;0;1;?
EB6FE;VISA;1,136829476;0,220089931;9,065165712;0;1;0;1;?
EB9CF;MASTER;130,8787613;4,627295112;0,674860967;1;0;0;1;?
EBC82;VISA;42,61790559;10,09921998;4,104598253;1;1;0;1;?
EC28E;MASTER;12,62683479;0,827875198;4,51195025;1;1;0;1;?
EC376;AMEX;1,525186004;2,181828692;7,783368924;0;1;0;1;?
EC5A0;MASTER;11,4226808;3,107011749;5,679204911;1;0;0;1;?
EC615;DINNERS;4,402020652;51,87086236;1,818932652;1;0;0;1;?
EC727;ELO;16,91047996;33,62197765;1,543906269;1;0;0;0;?
ECB33;AMEX;70,78985135;1,340077216;4,803649811;1;0;0;1;?
ED3DB;MASTER;128,4684044;11,58913229;4,154165651;1;0;0;1;?
ED64A;ELO;35,03752103;0,161586478;2,889801905;1;1;0;1;?
EDD5C;VISA;16,08472687;1,409417769;9,930500721;1;0;0;1;?
EDF0A;ELO;6,197427357;47,19967785;6,206384686;1;0;0;1;?
EF1AD;DINNERS;3,034512532;7,67769967;6,903344077;1;0;0;1;?
EF455;AMEX;5,336013178;0,142828746;9,359382534;1;1;0;0;?
EF49A;DINNERS;28,01007584;4,83065759;1,214271939;1;0;0;1;?
EF7D0;DINNERS;2,905652137;0,207954378;0,475863072;1;0;0;1;?
EF941;MASTER;3,725980051;1,23465742;5,96355352;1;0;0;1;?
EFAE4;MASTER;14,37262565;2,834737015;6,414024692;1;0;0;1;?
F0191;ELO;7,074682107;550,2956264;0,155659518;1;0;0;1;?
F034E;MASTER;34,35754682;0,214758376;1,024255473;1;1;0;1;?
F03F6;VISA;6,498015604;0,228994675;0,17175015;1;0;0;0;?
F0578;AMEX;25,34081938;0,444935618;5,403521371;1;0;0;1;?
F0D12;ELO;83,72351865;0,05315477;2,926469875;1;0;0;1;?
F0E34;AMEX;10,46766476;0,133338998;14,42733422;1;0;0;1;?
F0E98;VISA;406,1513246;7,288614548;0,688340198;1;0;0;1;?
F1322;AMEX;252,4619726;2,504864806;2,054940122;1;0;0;1;?
F1560;AMEX;167,1397558;0,282253121;0,308467507;1;0;0;1;?
F1698;ELO;7,17929358;0,788299945;0,754422583;1;1;0;1;?
F1AC1;VISA;7,067664115;0,383510107;0,466144442;1;0;0;1;?
F1DF3;MASTER;2,949749105;1,806455952;6,474756825;1;0;0;1;?
F2AD3;AMEX;2,276457962;2,383057118;5,669220978;1;0;0;1;?
F3300;ELO;23,46084919;5,582377774;19,35597534;1;0;0;1;?
F35B1;VISA;58,60106452;81,61113284;0,737269903;1;0;0;1;?
F3BB6;ELO;5,146676507;0,021887845;0,494897661;1;1;1;1;?
F3BE5;VISA;2,114135046;1,269493843;0,132421314;1;0;0;1;?
F3EDC;ELO;0,867059169;0,67155411;6,29049056;0;0;0;1;?
F3EDE;DINNERS;10,34032087;0,919057129;1,357951322;1;0;0;1;?
F421D;VISA;113,1721205;5,523755393;6,000559167;1;0;0;0;?
